query,gold_score,label_source
What does Lady Gaga affectionately call her fans?,0,human
"How can I modify the provided Swift code to add a conditional statement that checks the product availability in the given Excel table and updates the email accordingly? If the product is out of stock, the email should include an apology and a recommendation for a similar product. Here is the Excel table: | Product | Availability | |----------|--------------| | Product A| In stock | | Product B| Out of stock | | Product C| In stock | [Swift code] let customerName = ""John Smith"" let orderNumber = ""12345"" let shippingDate = ""2022-01-01"" let productName = ""Product A"" let myName = ""Jane Doe"" var emailTemplate = """""" Dear \(customerName), Thank you for reaching out to us. We are sorry to hear that you have not received your order (\(orderNumber)) yet. We have checked the status of your order and found that it was shipped on \(shippingDate). """""" import Foundation let fileUrl = Bundle.main.url(forResource: ""products"", withExtension: ""xlsx"")! do { let data = try Data(contentsOf: fileUrl) let workbook = try XLSXDocument(data: data) let worksheet = try workbook.first?.sheet(at: 0) let columnTitles = try worksheet?.row(at: 0).cells.compactMap({$0.value}) let productNameColumn = columnTitles?.firstIndex(of: ""Product"") let availabilityColumn = columnTitles?.firstIndex(of: ""Availability"") let productNameCell = try worksheet?.filter({$0.cell(at: productNameColumn!)?.value == productName}).first?.cell(at: availabilityColumn!) if let availability = productNameCell?.value as? String, availability == ""Out of stock"" { emailTemplate += """""" We are sorry to inform you that the product you ordered, \(productName), is currently out of stock. However, we recommend the following similar product: Product D. If you would like to proceed with this product instead, please reply to this email and we will update your order accordingly. """""" } else { emailTemplate += """""" Your product, \(productName), is currently in stock and should be delivered soon. If you have any further questions or concerns, please do not hesitate to contact us. We appreciate your business and apologize for any inconvenience this may have caused. """""" } } catch { print(error.localizedDescription) } emailTemplate += """""" Best regards, \(myName) """""" // Send email using emailTemplate as message body.",6,human
"I am looking at items on my desk right now, tell me which ones are actually considered office accessories.",2,human
Write me an introductory email to a lawyer to represent me in court for a red light ticket I did not deserve,3,human
One of the best place to visit in Mexico,1,human
"Here's a numerical problem for a math student to solve: Suppose we have an image of size 256x256 pixels. If we apply the Fourier transform to the image, how many complex-valued Fourier coefficients will we obtain?",5,human
Name three computer languages and explain their respective uses.,1,human
"In what ways can the utilization of cognitive architectures, that emulate the complex processes of the human brain, enhance the cognitive capabilities of AI systems beyond traditional machine learning algorithms? Please provide a detailed methodology for integrating and refining the architecture to optimize the system's decision-making and problem-solving abilities. [Cognitive Architectures -> Enhanced Cognitive Capabilities -> Optimized Decision-Making & Problem-Solving in AI Systems]",6,human
What color is Perpetual Spinach?,0,human
"Here is a piece of text: It has been a busy period recently at Autotask with the MSP specialist updating its product portfolio. One of the consequences of the changes has been an increase in the number of managed service providers working with the vendor. To find out more MicroScope put its questions to Ian van Reenen, vice president of engineering, endpoint products, Patrick Burns, vp of product management and Matthe Smit, director of product management & endpoint management. The new ticket interface and user experience for Autotask PSA delivers a massive increase in flexibility, extensibility, efficiency and staff productivity. It includes significant new capabilities but also many smaller improvements that save clicks and automate repetitive process. The customization framework enables our customers to tailor the service desk experience to specific use cases, with data and functional behavior conditional on the situation. As a result they can better manage business process and open up the system to new departments and users. The new version of Autotask Endpoint Management (AEM) enables users to now also manage, monitor and support critical networking infrastructure like routers, storage devices and firewalls. This results in customers needing less tools to manage their entire estate, significantly improving the efficiency, and offering new services to end clients. Additionally, the AEM monitoring system has been refactored. It now has support for many advanced needs like SNMP and Windows Performance Monitoring. It provides real-time metrics across all managed devices that helps users better understand what’s going on in their networks. The monitor engine now also comes with many pre-configured best practices so that customers can get started with AEM much quicker and meet client needs. Finally, this release pushes the capabilities of the unified RMM-PSA solution of Autotask even further. All the work done in remote control sessions will be logged and automatically transmitted to the support ticket. This saves substantial time for engineers and creates new levels of transparency for end clients so that MSPs can reinforce their value. Was there input from the MSP community into formulating the latest releases? All of our releases reflect the input we receive from actual customers. Our planning process incorporates feedback from the online feature request system, global product advisory groups (per product), regional planning groups, constant onsite meetings and ad hoc customer interactions and detailed surveys centered around our customer and partner conferences. Both of these releases (PSA and AEM) delivered on half of the top ten existing feature requests, based on global customer demand. The PSA release included more than 60 specific, smaller usability improvements that came directly from the community. Do you hope it will attract some fresh customers? Fortunately, we can already confirm that these improvements will attract new customers. We’ve won a number of new deals based on the roadmap expectations and have additional prospects that were committed and waiting for deployment. We’ve seen a significant impact on competitive swapouts, and also market expansion based on the extensive flexibility, which opens the platform to new customer segments. Is the market evolving now more quickly than in the past? Is that a challenge for vendors looking to ensure they can give the best support to MSPs? The biggest constant in the IT market is change. Whether it’s changing more quickly than in the past is open to interpretation or individual circumstances, but regardless we welcome this challenge. Disruption is the source of opportunity and we always look for ways we can help our customers compete more effectively and expand their revenue streams. The digital transformation of business is driving rapid innovation for software vendors and it is exciting to be a part of this massive technology revolution. Will there be more product updates coming this year? Is this latest stuff part of an ongoing pipeline of innovation? We have a constant, rolling development process and are already working on our next release cycles. We have additional pipeline for interface innovation, platform unification and some surprises we aren’t ready to announce yet. At the same time, we will continue to invest in core roadmap improvements that are important to our customers. If I have been a previous user what improvements would I notice from the latest products? In the last two years, AEM has transitioned from a relatively new entry in the RMM space to now a market leading product. Most areas of the product are much improved and built around customer feedback. We’ve heard from many customers how impressed they are with our progress in this period. PSA has historically been a market leader but it’s such a big solution that there are always opportunities to improve. We continue to add significant new features as well as improve usability and accessibility so users can get more value out of their investment. The Unified Platform (Autotask PSA-AEM) and our unique approach to integration has had a major impact on our growth and customer retention. Based on the text material above, generate the response to the following quesion or instruction: For previous users of Autotask, what improvements can they expect to notice from the latest products, particularly in terms of AEM and PSA?",3,human
Generate a query in SQL to find the difference between the maximum and minimum salary from the 'employees' table.,2,human
"Let A be a set with 50 elements, and let B and C be two sets that are complements of set A. If set B has 30 elements, how many elements does set C have?",2,human
"Whether you’re a beginner in the kitchen looking to progress beyond boiling water or an advanced home cook wanting to take your cooking to the next level, the 6-week cooking basics series is just right for you. In this cooking class series, you’ll go beyond merely following recipes to explore the cooking techniques that are the foundations for all recipes. Understanding what makes a recipe work rather than just how to follow it blindly will help you pull off dishes to perfection every time! Chef Frank will help you learn to be confident in the kitchen and teach you how to improvise using ingredients you find in your kitchen. You’ll learn the basic science and proper cooking methods that will make all cooking a breeze, from quick weeknight family meals to entertaining for a crowd! When we are finished cooking each week, we'll sit down together to enjoy the meal we've just prepared. Take the whole course and pay for only 5 of the 6! Or come along to individual classes. Chef Frank will demystify those French sauces you know and love (and are a little afraid of making!). Think creamy sauces such as béchamel, hollandaise and velvety demi-glace that makes fantastic gravy. Say goodbye to lumpy, soupy and tasteless sauces forever. $85pp and includes class, recipes, dinner, and a glass of wine. Can you tell me more about the 6-week cooking basics series?",2,human
Take the following sentence and rewrite it so that it contains an example of alliteration.,2,human
How do I decorate my new home?,1,human
"Rank the following in order from most to least important: exercise, sleep, food",1,human
"Please describe the events leading up to the saddest day of your life, the emotions you felt during the day, what happened throughout the day, the people and places involved, and how it affected you long-term. Aim to paint a vivid picture for the reader with descriptive language and sensory details. Additionally, reflect on any lessons learned or how you coped with the experience.",5,human
What foods are good sources of protein?,0,human
"Implement an Ember.js component that renders a line chart using a third-party library of your choice. The chart should display at least two data series and include axis labels, a legend, and tooltip functionality. The chart should also have a responsive design that adjusts to different screen sizes. Customize the colors and fonts of the chart to match the overall design of the application.",6,human
"Calculate the median of the following numbers: 2, 5, 4, 7",1,human
Design a graphical user interface (GUI) to represent the following data.,5,human
What makes a good parent?,2,human
"For a natural language processing task, you are given a dataset of pairs of sentences and are required to identify the most appropriate transition word to connect them smoothly. For example, given the pair of sentences ""The house was empty."" and ""The furniture was missing."", the appropriate transition word would be ""however"". What approach would you use to train a model to perform this task efficiently? Please provide a sample code in [Python] data format.",4,human
"Can you discuss the challenges presented by feral animals, such as rabbits and cats, to kangaroo conservation?",3,human
"Rewrite the following sentence without using any pronouns: He knocked on the door, but nobody answered.",2,human
"As a data analyst for a book store, you are tasked with creating a recommendation system for readers based on their preferences. You have access to a database of books and their metadata, including title, author, genre, and reader ratings. Using Python, build a collaborative filtering algorithm that analyzes reader ratings to recommend books to users based on their past ratings and preferences. The algorithm should take into account factors such as genre, author, and reader ratings to provide accurate and personalized recommendations. How will you ensure the scalability and efficiency of your algorithm as the database of books and readers grows over time?",6,human
Describe the experience of shopping in a department store.,2,human
Create a jQuery function that animates an element's background color from red to green over 3 seconds.,2,human
Describe how water can be reused.,1,human
"Provide an in-depth analysis highlighting the central components and tactics that need to be incorporated in order to build a successful employee-engagement strategy, including leadership involvement, communication channels, recognition programs, and employee development initiatives. Format your outline using bullet points, clear headings, and concise language to ensure readability and comprehension by all stakeholders.",6,human
"Calculate the amount of money in a bank account with an initial $100 deposit and an interest rate of 6%, compounded annually",2,human
What is the primary cause of rain?,0,human
What is the technological significance of the invention of the telephone?,3,human
Generate a fantasy creature that lives in the mountains.,3,human
How long does the enzymatic process of turning heme into bilirubin typically take in a healthy adult?,3,human
"Generate an HTML page that contains the text ""Welcome to my page"".",1,human
"Compose an email that conveys your heartfelt appreciation for the particular event in question. Namely, the festive gathering that you were gracious enough to attend, which commemorated the anniversary of my birth.",2,human
Name some diseases caused by the lack of proper nutrition in humans.,1,human
Who was the first actor to play the Joker on the Batman television series?,0,human
"Write a creative memoir about an incident or period in your life that had a profound impact on you and helped shape the person you are today. Use vivid language and sensory details to bring your experience to life, and reflect on what you learned from the experience and how it has influenced your perspective on life. Consider including anecdotes and dialogue to bring depth and authenticity to your story. Finally, be honest and reflective, acknowledging both the positive and negative aspects of your experience and demonstrating how it has contributed to your personal growth.",5,human
Extract all of the names of people in the below text separated by commas and ordered in alphabetical order by first name,3,human
How can you ensure that your online internet marketing strategy is effective in attracting and retaining customers in Naugart Wisconsin?: Online Internet Marketing in Naugart Wisconsin. We sell online internet marketing in Naugart Wisconsin. Request a Quote Click Here for online internet marketing in Naugart Wisconsin.,3,human
"Please provide a comprehensive explanation of the steps involved in setting up and configuring a home automation system, including the hardware and software components required, wireless connectivity and protocols used, and any troubleshooting techniques necessary. Additionally, please discuss the different types of home automation systems available on the market, their features and functionalities, and the benefits they provide to homeowners in terms of convenience, energy efficiency, and security.",5,human
Generate a new story about a planet that is home to two species.,3,human
"There are two hunters in the forest who can either hunt a stag or a rabbit. Hunting a stag requires cooperation, and if both hunters hunt a stag, they can each receive 10 points. Hunting a rabbit does not require cooperation, and each hunter can receive 5 points for hunting a rabbit individually. However, if one hunter chooses to hunt a stag and the other chooses to hunt a rabbit, the hunter who chased after the stag gets zero points because hunting a stag alone is impossible. The payoffs can be presented in this way: | | Hunter 2 hunts a stag | Hunter 2 hunts a rabbit | |-----------|----------------------|-------------------------| | Hunter 1 hunts a stag | 10, 10 | 0, 5 | | Hunter 1 hunts a rabbit | 5, 0 | 5, 5 | What is the Nash equilibrium in this game?",5,human
Design a logo using vector graphics.,3,human
"-Slice 2# potatoes into 1/8 inch thick slices. -Slice up 2 bulbs of fennel. -Melt 2 TBS butter in a Dutch oven over medium-high heat. -Add the fennel and potatoes, ½ tsp salt and ½ tsp dried rosemary or 1 TBS fresh (chopped) and cook 4 minutes. -Add 1 cup low sodium chicken broth, 1 cup heavy cream, one 4 ounce jar drained artichoke hearts and 2 bay leaves and bring to a simmer. -Cover and reduce heat, simmer until potatoes are just tender, about 10 minutes. -Transfer the potatoes to a greased 8 x 8 baking dish, and sprinkle with 1 cup grated Fontina cheese. -Bake until top is golden, about 20-25 minutes. Let potatoes cool 10 minutes before serving. Based on the passage above, What other types of cheese could be used as a substitute for Fontina?",2,human
How has the Colombian coffee industry changed over the past decade?,4,human
Write a computer program to predict the probability of a coin tossing event.,2,human
Explain what wind power is.,1,human
Create a new virtual environment for Python.,1,human
"What plans does Vice CEO Nancy Dubuc have for the company's future, and how does she plan to put it on a path to profitability? Generate according to: Dubuc, in an October interview with THR, was forthcoming about her plans to reorient Vice for the future and tighten its spending in order to put it on a path to profitability, acknowledging that she was ""not going to rule out more"" layoffs at the company. Vice last year implemented a hiring freeze and attempted to reduce some of its workforce through attrition, but once executives finalized the strategic plan for the year, they made the decision to complete most of the cuts through layoffs. The changes at Vice come amid an industry-wide contraction as online publishers that flourished during the heyday of social video look to rein in spending and live up to the expectations of the venture capital and traditional media investors that pumped billions into their businesses. This week BuzzFeed completed a round of layoffs that impacted 15 percent of its staff, or around 250 jobs, and Refinery29 cut 10 percent of its workforce last year. Feb. 1, 7 a.m. Updated to reflect that Vice's 2018 revenue was reportedly between $600 million and $650 million.",3,human
Have customers noticed any changes in their interactions with Wells Fargo since the company began its cultural overhaul?,3,human
Name five countries that are currently in a recession.,3,human
When is the best time to catch Bass in Michigan?,2,human
Write a function to calculate the body mass index of a person.,2,human
Implement a bubble sort algorithm in Java to sort an array of integers in ascending order.,2,human
What is Aerial Yoga,0,human
Where is Pleasanton?,0,human
Check if the following phrase is a well-formed formula,4,human
What is the optimal ratio of titanium dioxide nanoparticles and graphene oxide in a composite material for use in high-performance dye-sensitized solar cells? How does this ratio affect the overall efficiency and stability of the solar cell?,9,human
Is Scala a good programming language?,2,human
Can visitors expect to see any rare or endangered species at the Fort Wayne Children's Zoo?,1,human
"Explain the process of how a refrigerator keeps food cool, step by step.",2,human
Write a thank you note to a customer for their order.,1,human
"Jill, a 60-year-old personal training client, wants to improve her hip flexibility. Jill is concerned about her balance and the risk of falling. Recommend two exercises she can do to improve balance.",4,human
"You will be given several sets of categories and items. The task is to determine if the item fits into one of the given categories. If it does, output 'True'. If not, output 'False'.",3,human
Come up with a one-word synonym for this phrase.,1,human
How do you juggle?,2,human
How many parts were brand new in the Porsche 993?,2,human
Name 5 songs that express positive emotions,1,human
What coloring of cat is almost always female?,1,human
Why is it important to be passionate about one's choice of career?,2,human
How have pandemics and other public health issues impacted global politics in the past?,4,human
"Raw Meat can also be cooked at a Campfire or Industrial Grill to create Cooked Meat. Cooked Meat replenishes more food and spoils slower than Raw Meat. It takes 20 seconds to cook Raw Meat …... This easy peppermint chocolate fudge is made with only 5 ingredients and takes 5 minutes to make and 1 hour to set. It is infused with amazing peppermint essential oil and is gluten & dairy free. People will resort to eating raw food at the same 1 raw food to 1 person ratio, so it is less efficient than a cook house since 1 raw food can produce 2 food rations at the cookhouse. People eating raw food have a higher chance to get sick. The challenge for anyone on a raw food diet is getting enough protein, vitamin B12 and iron, as these nutrients are typically found in foods most of us prefer to cook – meat, fish, eggs and grains. Cooking food has a major advantage – it protects us from foodborne pathogens. A raw food diet is made up of fruits, nuts and organic foods. Many of the local grocery stores carry an organic product line but if not you may have to find an organic store near you. Many of the local grocery stores carry an organic product line but if not you may have to find an organic store near you. Based on the passage above, What are the challenges of maintaining a raw food diet and how can they be overcome?",2,human
Organize the sentences chronologically.,2,human
"Describe what your ideal pet cat would look like, and what you would name it.",2,human
"How does the biomechanics of jumping and landing differ between athletes and non-athletes, and what are the potential implications for injury prevention and performance enhancement in sports?",6,human
Write a python code to generate permutations of an input string.,3,human
Create a special offer for a customer.,2,human
"Rewrite the first sentence of this passage using a more specific description of the weather and environment. As the family strolled along the sandy shore, the vibrant sun illuminated the turquoise waves and the gentle breeze carried the salty scent of the ocean.",2,human
Could you provide a list of outdoor markets in Bangkok where I can experience the local culture and cuisine?,2,human
Create a 3-sentence story about a brave knight and a dragon.,2,human
Describe what summer means to you in one sentence.,1,human
"Consider a group of five students who can either choose to work on a group project or work on an individual project. Let's assume that each student will receive a grade of 85% for the group project if everybody works together, but only 70% if anyone chooses to work individually. Also, each student has a private valuation of $10 for working on their own project, and $20 for working in the group project. Using mechanism design theory, design a payment scheme that will incentivize all five students to work together on the group project. Your payment scheme should maximize the total payoff of the students while ensuring that they have no incentive to deviate from the group project.",5,human
"Provide step-by-step instructions on how to enable two-factor authentication (2FA) for at least five commonly used online accounts, including Google, Facebook, Twitter, and Amazon. Include screenshots or videos to help illustrate each step and provide tips on how to securely store and manage your 2FA codes for each account. Additionally, explain the benefits of using 2FA and the risks of not having it activated, especially in the context of increasingly common cyberattacks and identity theft incidents. Finally, make sure to update the guide regularly to reflect any changes or updates in the processes or best practices for 2FA implementation.",4,human
"In The Lord of the Rings, who is Frodo's closest friend and ally?",0,human
What are the benefits and drawbacks of various meditation techniques?,3,human
"Using basic HTML code, create a table with three columns and four rows.",1,human
Compare and contrast the following programming language: C++ and Python.,3,human
What type of cheeses can you use to make a grilled cheese sandwich.,0,human
Give a brief description of the historical period known as the French Revolution.,2,human
"Given a reference text about Kennebunkport, tell me its neighboring towns and where it is located.",2,human
Create a data set of 5-6 cities with their state and county information,2,human
"Your task is to prepare a 5-7 minute speech in which you clearly explain the vital role that diversity plays in effective leadership. In terms of content, you are expected to touch on how diversity leads to better decision-making, how it enhances innovation and creativity, and ultimately, how it benefits the bottom line. To ensure your speech is engaging and memorable, you should include real-life examples of successful organizations that value diversity and have seen its positive effects. Please bear in mind that your speech should also be presented in a confident and persuasive manner, using a suitable and effective tone and body language, and making sure to connect with your audience throughout.",5,human
"Given a list of numbers, identify the odd numbers.",1,human
Create a beginner-intermediate push-pull-legs workout routine that I can do 6 times a week.,3,human
Design a logo for a rock-and-roll band.,3,human
What does #956 mean?,1,human
Write a Python program to find the number of days in a month specified by the user.,2,human
Provide an argument for why some people online are more likely to be anonymous than others.,3,human
Create a mathematical expression based on the given requirements.,3,human
Generate a unique motto for yourself.,2,human
"Develop a comprehensive guide that outlines sustainable living practices specifically tailored to the needs and lifestyle of rural communities. Include strategies for reducing electricity consumption, preserving natural resources, minimizing waste, and promoting environmental stewardship. Employ a user-friendly writing style and incorporate visual aids such as infographics, diagrams, and photographs to make complex ideas more accessible. Consider collaborating with local experts to integrate region-specific suggestions and best practices.",5,human
"Discuss the use of magical realism in Isabel Allende's ""The House of the Spirits"" and how it contributes to themes of family and history.",6,human
What is the capital of Arizona?,0,human
Guide the robot using the following grid.,4,human
Extract the architectural details with respect to the Our Lady of the Rosary Cathedral in Colombia. Separate key items with a new line that begins with a hyphen.,3,human
"Write an essay about the character development of a teenage girl who suddenly discovers she has the ability to manipulate ice and must learn to control her powers responsibly while navigating the challenges of high school and her complicated family relationships. Use vivid imagery and figurative language to describe the character's emotional journey as she struggles with the temptation to use her powers for personal gain and grapples with the weight of her newfound responsibilities. Be sure to explore the themes of power, responsibility, and identity in your analysis of the character's growth.",5,human
"Explore the extent to which climate change has affected the world's food systems, including crop yields, food prices and access, and the migration of farming communities. Analyze the policies and technologies that have been introduced to mitigate these effects, and assess their effectiveness in securing food supplies for a growing world population. Use a range of sources to support your analysis, such as scientific studies, reports from international organizations, and media coverage of food-related issues. Cite your sources properly and write in a clear, well-structured academic style.",7,human
What is an Italian Greyhound?,0,human
Find an open source library for natural language processing,2,human
Extract all of the dates mentioned in this paragraph and list them using bullets in the format {Date} - {Description},3,human
"What were the most important factors that led to the collapse of the Roman Empire, and what lessons can we learn from this?",5,human
Generate a 3-word phrase that is associated with the given keyword.,1,human
"Reflect on a time when you received support from someone and write a detailed journal entry describing the situation, how you felt before and after receiving the support, and any insights you gained from the experience. Use descriptive language and provide specific examples to fully capture the emotional impact of the support you received. Consider including any lessons learned or changes in perspective that resulted from the experience.",4,human
Come up with 3 potential innovation ideas for a running shoe company,3,human
Create a character sketch of the protagonist of the book.,3,human
Summarize the human rights guaranteed in the US Constitution.,4,human
"Please develop an easy-to-use and user-friendly online job search platform that utilizes relevant keywords and filters to accurately match job seekers with relevant job postings. The platform should also incorporate features such as resume building tools, application tracking, and job alerts to enhance the job search experience. It should prioritize speed and efficiency, ensuring that users can quickly find relevant job postings and apply without any hassle. Additionally, the platform should have a modern and professional design that is mobile-friendly and accessible to users from all backgrounds and experience levels.",6,human
"What happens if severe rain or thunder/lightening is in the forecast for the night of the Maple Key overnight? Generate according to: Maple Key overnights give campers the opportunity to experience an evening at camp, and campers ages 7 & up the opportunity to experience a true campout experience. All campers will have extended activities and take part in an old-fashioned cookout dinner, followed by an evening program and special campfire. We will also provide a healthy breakfast the next morning. Campers aged 6 and under will stay for dinner and a short evening program, but will be picked up in the early evening to go home to sleep. Q: Who can attend the overnight? A: Any camper who is registered for the full session of the overnight may stay for the cookout and evening program. Campers aged 7 and up may stay overnight. Q: Where will the campers & staff sleep? A: We will be enlisting some help from our families to bring tents for campers to use, and we will contact those registered for more information about this. Campers will be grouped by us into appropriate same-gender tents. Staff will stay in separate tents, but right near their campers in case they are needed in the night. Q: What if my camper is too afraid to sleep over? A: All camper aged 6 and under will go home to sleep. Campers aged 7+ have the option of being picked up at the same time, at the end of evening program. A: We will be keeping an eye on the weather forecast, but unless there is severe rain or thunder/lightening we intend to carry on as planned. We have use of the workshop for shelter if necessary. If we have to make a change, our first call will be to parents!",2,human
"Given the text: How To Write The College Essay Our essay writing service was created to provide students with top-notch academic help. The possibility of getting a much needed advice from someone willing to write my college essay for me is appealing. We write custom college essays and will edit your paper for free. Have your paper written by the best expert in your field!. In this guide, As a professional essay writing service we guarantee ordering with Write My Paper is safe. Quality academic help from professional paper & essay writing service. Have no time nor desire to write your college papers? Apply for essay help at our legit, professional writing service. Best team of research writers makes best orders for students. ‘Write My Essay for Me’: Say This to a Professional Writer At least once, every student found themselves thinking ‘Someone, anyone, write my essay for me please. Can you summarize the main services offered by the essay writing service, including the benefits of using their service?",2,human
Does Spark require modified versions of Scala or Python?,2,human
"Create a mobile application with React Native that provides users with the ability to log their daily water intake. The app should allow the user to set a daily water intake goal and track their progress throughout the day. It should also provide reminders to drink water throughout the day and a visual representation of their water consumption. The app should have a clean, user-friendly interface with easy-to-use controls for logging and viewing water intake data. Users should be able to view their water consumption history over time and set reminders to keep them on track towards their daily goals. The app should be highly responsive and provide an excellent user experience to encourage consistent use.",7,human
"the big money on a drysuit. Re: do drysuits ever fail? Check the outlet stores, too. Re: You bet they do! Based on the passage above, Could you recommend any other resources for purchasing high quality scuba diving gear other than outlet stores?",2,human
Which of the current Girl Scout cookies is based on one of the original Girl Scout cookies?,1,human
"1038-1193 pages with b/w illustrations throughout. Octavo ( 13 x 19 cm). Text in Polish. Wrappers lightly creased and chipped. Very light wear to spine. Tape restoration inside front wrapper. Still in good condition. A Polish translation of one of the best known and most retold of all fairy tales. It is one of the tales in The Book of One Thousand and One Nights (The Arabian Nights). OCLC shows four copies at Central Connecticut State University, University of Minnesota, Southern Illinois University at Edwardsville and National Library of Poland. Can you provide a summary of the condition of the book and its content?",2,human
What are some of the languages spoken in India?,0,human
How do I keep my plants alive?,1,human
What were the main criticisms of female behavior in 18th century France?,5,human
Estimate the number of US states that border Canada.,1,human
How would the world look like in say 200 years from now?,5,human
Which musical instrument did jazz legend Louis Armstrong famously play?,0,human
Prepare the count of trains which serves Mount Prospect for each day in a week starting with Monday. Use the format “Day-Count” and each entry should be in a new line.,3,human
"Here is a piece of text: Tibbr, the social networking service from enterprise software company Tibco, has over 1.5 million subscribers — all paid — and today it’s announcing two platform partners, Amazon Web Services and Dutch carrier KPN, as it embarks on a new drive to grow that user base as a cloud service. Putting tibbr on the AWS Marketplace and KPN’s GRIP platform will be the first time the social networking service will be sold, billed and provisioned via third-party platforms. And that is a sign of how app store-style enterprise marketplaces continue to evolve and become a go-to place for cloud software companies looking to connect with customers. Tibbr has traditionally sourced many of its users from among the businesses that look to Tibco for other enterprise software solutions — with companies like Macy’s, KPMG, and Schneider Electric among those users across desktop and mobile devices (tibbr currently works on iOS, Android and BlackBerry platforms). But the bigger opportunity is in targeting enterprises that are not already owned by Tibco, competing for business users against other products like Microsoft’s Yammer and Chatter from Salesforce, which also offer closed social networking services for smaller workgroups and the very largest enterprises. Tibco has 4,000 enterprises on its books; of the 1.5 million users of tibbr, some 40% are existing Tibco customers, while 60% are not. “We are leveraging Tibco’s customer base, but we are also reaching out to a whole new set of customers,” Ram Menon, president of Tibco’s social computing unit, told TechCrunch in an interview. And increasingly it seems that its growth is not premises-based but in the cloud. Right now, some 60% of tibbr users are already using the social networking software in the cloud, and that proportion is on the rise. There are no signs that tibbr will launch a freemium version of its service — Menon likes to highlight that when Yammer sold to Microsoft for $1.2 billion it had only about 800,000 paid users on its books, compared to tibbr’s 1.5 million. But tibbr is starting to play around more with pricing. At its most basic level, tibbr sold through Tibco costs $12 per user per month (that fee gets reduced as the number of users increase), but that pricing changes if purchased via AWS or KPN. For instance, on AWS, the service is sold in increments of 25, 50, 100 and 200 licenses, and pricing is in the typical AWS format, starting at $0.58 per hour for the smallest package. This includes charges not only for the software, but the RedHat Linux supporting software, as well as for use of Amazon’s EC2 infrastructure. Similarly, KPN bundles tibbr with other services and prices accordingly; it’s GRIP service already has 80,000 customers, the company says. This is also one more by-product of the ongoing consumerization of enterprise IT and the opportunity for developing dynamic services for business users, not just consumers (see also: “The enterprise cool kids.”). “One thing that Facebook has taught us is the concept of the 21st century dashboard,” says Menon. “For the casual user, this is the best way of aggregating disparate streams of data. Tibbr shows how you can use that concept for work.” While Facebook (as one example) lets you follow friends, organizations, news sources, and so on, Menon describes the tibbr version as “following people, subjects, and machines.” The latter means you can track different tasks as they are working through the system, and share that information with others. “We’re bringing all this now on to your wall,” he says. On the side of Tibco’s new partners, adding tibbr is akin to a mobile app storefront picking up an app that will hopefully get more users flocking to the platform overall. “We were looking for an intuitive service that users love and adopt, satisfies IT with enterprise-grade security and control, and drives real ROI benefits for customers through contextual integration with current and next-generation applications. Only tibbr met all these criteria,” Gerard Schiebroek, VP of marketing and sales at KPN’s IT solutions division, noted in a statement. And while tibbr has in the past been hosted on AWS infrastructure by some of its existing users, this will be the first time that AWS is adding it into its Marketplace, integrating it into its billing and provisioning infrastructure and giving Amazon one more name-brand to check off on its list of must-have enterprise software companies (this is the first time that a Tibco service will be sold on the the AWS Marketplace). “Working with TIBCO demonstrates how innovative and forward thinking software companies can leverage the power of AWS to provide greater value to their customers,” said Sajai Krishnan, General Manager, AWS Marketplace, in a statement. Based on the text material above, generate the response to the following quesion or instruction: How are Tibco's new partners adding Tibbr to their platforms similar to a mobile app storefront picking up a new app?",3,human
How many cents do I have if I have 3 dimes?,0,human
Research and name the two closest stars to Earth.,1,human
"Can you explain the characteristics and applications of different data structures in Java programming language? Please provide examples of Java code for each data structure. Data structures to be discussed include arrays, linked lists, stacks, queues, hash tables, trees, and graphs.",5,human
What did Bobby Moore die from?,1,human
What is the best gaming console on the market right now and what are its technical specifications?,3,human
"Roleplay as an enchanted talking sword, who is currently in possession of an amateur adventurer. Offer your advice and snarky comments about their lack of skill.",3,human
What herbs can I easily grow in my garden?,1,human
"Write a persuasive essay of at least 1000 words arguing in favor of renewable energy as a crucial solution to curb the harmful effects of climate change. Your essay should delve into the various types of renewable energy sources available (such as solar, wind, hydro, geothermal, and biomass), and provide concrete examples of their successful implementation in different parts of the world. In addition, you should discuss why renewable energy is more sustainable and environmentally friendly than the continued use of fossil fuels, and address some of the common arguments against the adoption of renewable energy (such as cost, unreliability, or grid integration challenges). Finally, your essay should conclude with a call to action, urging governments, businesses, and individuals to prioritize renewable energy as a vital component of any effective climate change mitigation strategy. Your essay should be well-researched, well-organized, and well-supported, with clear and compelling arguments and evidence. Be sure to use appropriate citation practices and to proofread your work carefully before submitting.",5,human
Describe the physical features of the given creature.,2,human
"Given the following sentence, add a transition word to make the sentence better.",1,human
What is the format of an email?,1,human
"Classify the following hikes in terms of difficulty: Half dome in Yosemite, Mt Everest in Nepal, Mission Peak in California",2,human
"Can you lend your mathematical prowess to this brain teaser? I need to subtract 4 from 19, and present the result in a hexadecimal format. Can you help me deduce the answer using logical reasoning? Additionally, can you provide an algorithmic solution for this problem, that can be replicated for other similar numerical operations?",1,human
"Create a comprehensive and practical guide for individuals seeking to improve their posture and prevent back pain by developing a list of at least 10 evidence-based tips that cover different aspects such as desk ergonomics, sleeping positions, exercise routines, and stretches. The list should include clear and concise instructions on how to implement the recommendations, as well as relevant images or diagrams to illustrate the correct posture and movements. Be sure to incorporate effective communication techniques to ensure that the tips are easily understandable and accessible to a broad audience, regardless of their level of knowledge on the subject.",4,human
"In this short story, explore the intersections of the protagonist's gender identity with their other identities (e.g. race, class, religion). Use an empathetic and nuanced perspective to convey the protagonist's emotions and struggles. Consider incorporating elements of magical realism or other literary techniques to convey the complexity of the protagonist's journey. Finally, ensure that the story highlights the importance of acceptance and support for transgender individuals.",6,human
Name three strategies for cultivating creativity,1,human
Can you discuss any contemporary debates or controversies surrounding Cervantes' legacy and impact on Spanish culture and literature?,5,human
Extract all the locations in the text,2,human
Convert 10 lbs to kilograms,0,human
Is there a specific spot in Gwangju that offers the best sunset views?,1,human
Write a detailed guide on how to create and optimize a landing page for a business.,4,human
"What are some family-friendly attractions in Disneyland Paris, and what is the best time to visit?",2,human
"In order to enroll in the CFA Program and to register to sit for the CFA exam, you must have a valid international travel passport. The government-issued ID number on your passport and the country of issuance must be entered during online exam registration. On exam day, you must present your passport, containing the same name, date of birth, government-issued ID number, and country of issuance that you used to register, at the test center for admittance. ID requirements are strictly enforced. It is your responsibility to read and understand the instructions and requirements. If you do not present appropriate ID you will not be admitted to the test center and you will forfeit your registration fee. Be an international travel document. Internal passports used as a national ID are not sufficient. Be an original document. Photocopies will not be accepted. 以上对表格内容的已经作了说明，填写应该大家都知道，就不一一说明了，不修改的地方，后面“No Change”打勾。原话是这样说的：Update the data that you would like to change. Please place a in the “No Change” column ifthe current information is correct. Can I use an internal passport as a valid form of identification for the CFA exam?",2,human
"Provide statistical evidence, personal anecdotes, and expert opinions to support your argument for increased funding for mental health research. Use an authoritative and persuasive tone, incorporating rhetorical devices such as repetition and emotional appeals to engage and motivate your audience. Address potential counterarguments and highlight the societal and personal benefits of investing in mental health research. Aim to educate and inspire action among your listeners.",6,human
Generate a scenario in which two opposite sides have to negotiate an agreement.,3,human
Can animals like dog and cat get Kidney Stones ?,1,human
Notice and correct the spelling mistake in the following sentence.,1,human
Describe a method for detecting spam emails.,3,human
"Can you demonstrate your advanced understanding of DNA sequencing by identifying at least three distinct and complex real-world applications for this technology? Utilize the informative table provided below to aid in your reasoning. However, before you begin, there is a challenge: the given code is flawed and requires debugging before it can be used to sequence DNA. Can you showcase your expertise by spotting and correcting the errors in the code? Your response must showcase multi-step reasoning and precise technical knowledge.",6,human
"Classify each as being used on water or land: jet ski, boat, car, bike, kayak, skateboard",1,human
Where are most apples grown?,0,human
"How can I utilize Shell cmd to create a function that can concatenate two integers of varying digit lengths in a specific order? Additionally, what measures can be taken to ensure the function is equipped to handle integers with numerous digits without causing any errors? Furthermore, how can we optimize the algorithm to handle a variety of possible digit combinations?",5,human
Come up with a story set in a given time period.,3,human
"What is the purpose of the upcoming CMS webinar on PAMA data collection requirements, and how can clinical laboratories benefit from attending it? Answer according to: The second round of private payer payment data reporting by clinical laboratories to the federal government is fast approaching. The Protecting Access to Medicare Act of 2014 (See Section 216 here) requires clinical laboratories to submit to Centers for Medicare and Medicaid Services (CMS) data on the payment rates and test volume associated with those rates. While the reporting require does happen till next year (Jan. 1-March 31, 2020), CMS has announced that the second data collection period (the period where applicable information for an applicable laboratory is obtained from claims for which the laboratory received final payment during the period) has arrived. It will continue through June 30, 2019. Once the data collection period concludes, laboratories will have till Dec. 31, 2019 to determine whether they are required to submit data and review and validate the information before it is reported to CMS. CMS will then use the submitted data to calculate new payment rates for implementation on January 1, 2021. Given changes to the definition of an applicable laboratory brought about by the CY 2019 Physician Fee Schedule Final Rule, and recent comments from CMS that “it did not receive data from all laboratories required to report,” ASCP strongly recommends that every laboratory review the PAMA reporting requirements to determine if they must submit test payment and volume information. In an effort to assist laboratories with these activities, CMS has scheduled a webinar for Jan. 22 to educate clinical laboratories about this year’s PAMA data collection requirements. Specific directions on data collection and data reporting can be found here. To read more articles from ePolicy News click here. For more information regarding ASCP's advocacy initiatives and policy positions, please contact ASCP's Center for Public Policy at (202) 408-1110.",3,human
"Rewrite the following sentence in the future perfect tense: ""We will finish the race.""",1,human
"Imagine you are a historical figure, Mary, Queen of Scots. Write a letter to your cousin, Queen Elizabeth I of England, seeking help and support to claim your rightful place on the English throne.",4,human
"Would it be possible to translate the citation or additional information into another language for a broader audience? Generate according to: This bit of manuscript illumination is everywhere, but I found the most detailed citation on FaceBook: “Decretum Gratiani with the commentary of Bartolomeo da Brescia, Italy 1340-1345 (Lyon, Bibliothèque municipale, Ms 5128, fol. 100r). This entry was posted on Thursday, January 12th, 2017 at 9:59 am. You can follow any responses to this entry through the RSS 2.0 feed. You can leave a response, or trackback from your own site.",3,human
What does kwon mean in taekwondo?,0,human
Name one artificial intelligence technology used in industry.,1,human
"Calculate the area of a triangle with vertices at (2, 4), (1, 0), and (4, 5).",2,human
What kind of newspaper is the Secolo d'Italia,1,human
"My wife and I have two kids: one boy, age 4, and one girl, age 1. We are thinking of buying a pet. What are some good pet options for our family of four? Please include some advantages and disadvantages for each option.",3,human
"Can you provide more information on how to use the tools suggested to locate Steve Houk? Generate according to: This is a placeholder page for Steve Houk, which means this person is not currently on this site. We do suggest using the tools below to find Steve Houk. You are visiting the placeholder page for Steve Houk. This page is here because someone used our placeholder utility to look for Steve Houk. We created this page automatically in hopes Steve Houk would find it. If you are not Steve Houk, but are an alumni of Jenks High School, register on this site for free now.",2,human
"Find all possible groups of order 16 up to isomorphism, and state which ones are isomorphic to the cyclic group C16, the dihedral group D8, and the non-abelian group of order 16.",9,human
Input a text and remove the number in it,1,human
List three qualities of a good teacher.,1,human
"Given this paragraph about Grumpy Cat, tell me the cat's real name.",1,human
What is the typical lifespan of a dog?,0,human
Calculate the final cost of the purchase.,2,human
"Suppose we want to minimize the function f(x) = 2x^3 - 9x^2 + 12x + 5 using Newton's method. Find the optimal value of x that minimizes the function, accurate to three decimal places.",5,human
"Write a comprehensive article with step-by-step instructions and examples on how to set achievable goals, providing practical tips and techniques to help readers create effective plans for their personal or professional life. Consider topics such as identifying your priorities, creating specific and measurable goals, breaking down larger goals into smaller tasks, setting deadlines, tracking progress, and adjusting goals as needed. Use a clear and engaging writing style, incorporating real-life examples and anecdotes to make the article relatable and actionable for readers.",4,human
What role do music education programs play in fostering young talent?,3,human
Edit the following sentence (highlight changes in bold),2,human
"Create two objects of type String, where the first object should contain a sentence with at least five words and the second object should contain a string of at least 10 characters with a combination of uppercase and lowercase letters. Both objects should not contain any special characters or numbers. Additionally, the creation of the objects should be done using a Java program and the program should also include error handling in case any of the objects fail to be created. Finally, the program should output the length of each string object and the concatenation of both strings in reverse order using a SQL query.",2,human
"How do you properly use the Keto Science Ketogenic Meal Shake to get the best results? Answer according to: Ketosis is a natural metabolic state where your body burns fat for fuel rather than carbohydrates. When you decrease the available glucose in your body, stored fats are broken down and create ""ketone bodies"" that are released into the bloodstream and used as fuel. A ketogenic diet is simply a way of eating that promotes this ketosis process. Keto Science Ketogenic Meal Shake is made with coconut oil, grass fed butter, avocado oil, hydrolyzed collagen, MCTs (Medium Chain Triglycerides) and other wholesome natural ingredients. This creamy nutritional treat without high carbs, is available in chocolate and vanilla flavors. Keto Science Ketogenic Meal Shake is a delicious beverage that may help promote fat burning, energy and enhanced brain function. SUGGESTED USE: Add two scoops into 8-10 fl. oz of water or your favorite beverage. Stir or use shaker cup for best results.",2,human
Determine the object of the sentence.,2,human
Construct an algorithm to solve the given problem.,4,human
"Conduct a thorough analysis on the various methods and approaches utilized by drug rehabilitation programs, and assess their overall effectiveness in reducing the likelihood of recurring criminal behavior among participants. Additionally, investigate the role of individual factors such as age, gender, and substance abuse history in determining the efficacy of these programs, and explore potential areas for improvement in program design and implementation to further reduce recidivism rates.",7,human
Which two people are depicted by carved heads near the windows?,1,human
"How has the Eredivisie's revenue grown over the past five years, and how does it compare to other European football leagues?",4,human
How does the surface chemistry of a solid surface affect the adsorption of proteins onto its surface?,8,human
Create an algorithm to compare two lists and find all the similar elements.,3,human
Locate the logical fallacy in the following argument and provide an explanation of the error.,4,human
Do primates preferentially groom individuals within their own social rank or does social grooming occur across all ranks?,5,human
Give me a list of certain insurances that I should take when moving to Germany.,3,human
"What do Jerry Seinfeld and Larry David have to say about Seinfeld being called ""a show about nothing""?",2,human
How long does it take to cook the Turkey Meat balls until they turn brown? Answer according to: Turkey Meat balls are a delicious and healthy Indian recipe. Turkey Meat balls are made with the turkey and dry bread crumbs. Learn how to make Turkey Meat balls. First you should mix all the ingredients and shape it into 25 meat balls. Now you take a nonstick pan with veggie oil and covered it. After that you can cook the meat balls for 10 minutes until it become brown in color.,1,human
"Find the most suitable synonym for ""incredible"".",0,human
"How can you use SEO tools such as keyword research, meta tags, and backlinks to optimize your content for search engines? Consider content relevance, unique and informative writing style, and strategically placed keywords and links to increase visibility and attract more organic traffic to your website.",4,human
How has the incorporation of indigenous and folk music influenced the sound of modern Canadian pop music?,5,human
Re-arrange the words to form a complete sentence with a correct grammar.,2,human
Describe an important historical event.,2,human
Explain a moment when you had to learn to let go of something that was holding you back.,3,human
"Here is a possible precise numerical problem for a math student to solve related to the chaotic dynamics of the Henon-Heiles system: Consider the Henon-Heiles potential $$V(x,y) = \frac{1}{2}( x^2 + y^2) + x^2y - \frac{1}{3}y^3,$$ which describes the motion of a particle in a 2D potential field. The equations of motion are given by $$ \frac{d^2x}{dt^2} = -\frac{\partial V}{\partial x} , \quad \frac{d^2y}{dt^2} = -\frac{\partial V}{\partial y} $$ Using initial conditions $x(0)=y(0)=0$ and $v_x(0) = 0.6$, $v_y(0) = 0.4$, where $v_x = \frac{dx}{dt}$ and $v_y = \frac{dy}{dt}$, find the trajectory of the particle for a total time of $T=100$ time units, using a numerical integrator such as the Euler or Runge-Kutta methods with a step size of $\Delta t = 0.01$. Plot the trajectory in the $(x,y)$ plane and identify some of the qualitative features of the motion, such as regular or chaotic behavior, periodic or aperiodic oscillations, etc.",9,human
Write a personal reflection on how reading literature has shaped your thoughts on psychology.,3,human
